actionType,motionId,description
"""Act""",1,"""motion ID:1"""
"""Act""",2,"""motion ID:2"""
"""Act""",3,"""motion ID:3"""
"""Act""",4," ""motion ID:4"""
"""Act""",5,"""motion ID:5"""
"""Act""",6,"""motion ID:6"""
"""Act""",7,"""motion ID:7"""
"""Act""",8,"""motion ID:8"""
"""Act""",9,"""motion ID:9"""
"""Act""",10,"""motion ID:10"""
"""Act""",11,"""motion ID:11"""
"""Act""",12,"""motion ID:12"""
"""Act""",13,"""motion ID:13"""
"""Act""",14,"""motion ID:14"""
"""Act""",15,"""motion ID:15"""
"""Act""",16,"""motion ID:16"""
"""Act""",17,"""motion ID:17"""
"""Act""",18,"""motion ID:18"""
"""Act""",19,"""motion ID:19"""
"""Act""",20,"""motion ID:20"""
"""Act""",21,"""motion ID:21"""
"""Act""",22,"""motion ID:22"""
"""Act""",23,"""motion ID:23"""
"""Act""",24,"""motion ID:24"""
"""Act""",25,"""motion ID:25"""
"""Act""",26,"""motion ID:26"""
"""Act""",27,"""motion ID:27"""
"""Act""",28,"""motion ID:28"""
"""Act""",29,"""motion ID:29"""
"""Act""",30,"""motion ID:30"""
"""Act""",31,"""motion ID:31"""
"""Act""",32,"""motion ID:32"""
"""Act""",33,"""motion ID:33"""
"""Act""",34,"""motion ID:34"""
"""Act""",35,"""motion ID:35"""
"""Act""",36,"""motion ID:36"""
"""Act""",37,"""motion ID:37"""
"""Act""",38,"""motion ID:38"""
"""Act""",39,"""motion ID:39"""
"""Act""",40,"""motion ID:40"""
"""Act""",41,"""motion ID:41"""
"""Act""",42,"""motion ID:42"""
"""Act""",43,"""motion ID:43"""
"""Act""",44,"""motion ID:44"""
"""Act""",45,"""motion ID:45"""
"""Act""",46,"""motion ID:46"""
"""Act""",47,"""motion ID:47"""
"""Act""",48,"""motion ID:48"""
"""Act""",49,"""motion ID:49"""
"""Act""",50,"""motion ID:50"""
"""Act""",51,"""motion ID:51"""
"""Act""",52,"""motion ID:52"""
"""Act""",53,"""motion ID:53"""
"""Act""",54,"""motion ID:54"""
"""Act""",55,"""motion ID:55"""
"""Act""",56,"""motion ID:56"""
"""Act""",57,"""motion ID:57"""
"""Act""",0,"""motion ID:0"""
"""Act""","""+0""","""motion ID:+0"""
"""Act""","""-0""","""motion ID:-0"""
"""Act""",-1,"""motion ID:-1(負の整数)"""
"""Act""",58,"""motion ID:58(予期されていないID)"""
"""Act""",1.5,"""motion ID:1.5(小数)"""
"""Act""",1.00,"""motion ID:1.0(小数)"""
"""Act""",NaN,"""motion ID:NaN(NaN)"""
"""Act""","""+infinity""","""motion ID:+Infinity(無限大)"""
"""Act""","""-infinity""","""motion ID:-Infinity(無限大)"""
"""Act""",TRUE,"""motion ID:TRUE(Bool型true)"""
"""Act""",FALSE,"""motion ID:bool(Bool型tfalse)"""
"""Act""",Null,"""motion ID:Null(Null)"""
"""Act""",undefined,"""motion ID:Undefined(Undefined)"""
"""Act""","""1""","""motion ID:""1""(文字型)"""
"""Act""","[1,2,3]","""motion ID:[1,2,3](配列)"""
"""Act""","{""test""*0}","""motion ID:{""test""*0}(JSON)"""